side,repeat,outer_fold,row_id,y_true,y_pred
tgt,0,0,23,9.89316910650188,9.160071536999583
tgt,0,0,29,9.02880531133303,10.410349567102815
tgt,0,0,31,9.877968157260126,8.280840817122293
tgt,0,0,32,9.393265913001601,8.57781787362543
tgt,0,0,43,9.156884165126348,8.680043736253618
tgt,0,0,44,7.11996613760375,7.153878991562064
tgt,0,0,48,6.3035438373058605,7.5755029219213705
tgt,0,0,49,9.971125865055505,8.892279916721264
tgt,0,0,51,9.489431305776687,8.621250182969801
tgt,0,0,54,8.740080413560932,8.793444453221657
tgt,0,0,56,9.716522174314818,9.897677467331345
tgt,0,0,58,8.998438516848845,9.862583982795641
tgt,0,0,63,9.409297858315112,9.827191903099326
tgt,0,0,65,8.830664835505585,9.633253512785958
tgt,0,0,70,4.525825309773535,8.717004462819979
tgt,0,0,76,7.11996613760375,9.872141962123916
tgt,0,0,78,9.906384625115889,9.850710215703584
tgt,0,0,81,11.325673635442907,9.772085485408933
tgt,0,0,86,9.45509174667061,9.317684188256754
tgt,0,0,101,9.627438479538835,8.797304616272427
tgt,0,0,107,11.591710266423675,9.44641602455088
tgt,0,0,109,7.9820325780801396,7.005513381613812
tgt,0,0,113,7.728904196637687,8.541840265226046
tgt,0,0,115,8.780829794271693,8.525312347147452
tgt,0,0,123,8.571158214496036,7.166182370328685
tgt,0,0,128,4.662395351488987,7.318374056797263
tgt,0,0,155,9.218317612516758,8.894947669951636
tgt,0,0,163,8.869220244184023,8.434480577494377
tgt,0,0,168,9.378977284521499,9.06397918489907
tgt,0,0,170,9.495267263500365,8.72908136414175
tgt,0,0,174,14.218084038727572,10.193165651866046
tgt,0,0,175,9.426797172237764,8.853444965281279
tgt,0,0,184,8.63399138013671,9.080882537454192
tgt,0,0,192,11.84307288090119,9.563384566687917
tgt,0,0,196,9.93811562651389,8.533858070837244
tgt,0,0,198,10.606319856433352,9.855626552081146
tgt,0,0,208,9.730092975883245,9.491536223764617
tgt,0,0,210,8.818838948255005,8.985807535189148
tgt,0,0,218,9.793634837542568,7.897043769042631
tgt,0,0,220,9.273351359872422,9.23218889968184
tgt,0,0,221,8.760489708023652,7.660999953377103
tgt,0,0,231,9.569879820381793,9.28479635968006
tgt,0,0,233,12.112824461037555,9.23700555213484
tgt,0,0,239,4.493848906892362,10.613300282674667
tgt,0,0,240,4.681158105646915,9.277274469091482
tgt,0,0,243,9.236526787019613,9.770789118538358
tgt,0,0,244,9.560461921668166,9.993655894676436
tgt,0,0,247,6.905261895082438,10.682461858933943
tgt,0,0,254,8.97675783025167,10.301948875647005
tgt,0,0,259,9.561207836976388,9.558380939231556
tgt,0,0,261,8.878005190927242,9.891084475166744
tgt,0,0,265,9.730092975883245,10.169975821302268
tgt,0,0,270,8.857062264678488,9.240680222704643
tgt,0,0,275,9.51395423181273,8.911061332674388
tgt,0,0,277,9.548849553758144,9.555974539531622
tgt,0,0,282,4.633574176059594,9.266013431345703
tgt,0,0,286,5.376360747668793,10.769002205916573
tgt,0,0,289,8.805399432017888,8.891877112643108
tgt,0,0,291,9.924520812978892,9.517453115977402
tgt,0,0,296,9.56586799129967,9.97730149323799
tgt,0,0,297,9.971125865055505,8.98580922240833
tgt,0,0,298,9.467882129364858,10.780515741684104
tgt,0,0,303,9.354682690048469,9.340834603189533
tgt,0,0,306,9.056374493688734,8.76772213060077
tgt,0,0,312,12.113981875082754,9.771211532636405
tgt,0,0,316,11.67321563253378,9.903147288841717
tgt,0,0,322,8.960989045363974,9.386865435850444
tgt,0,0,331,9.6343973165645,10.42406130948388
tgt,0,0,339,8.596286944667224,7.209139971235921
tgt,0,0,344,11.326949795591405,9.640475921951515
tgt,0,0,346,8.098348699287369,7.393795791470821
tgt,0,0,350,9.408929736288757,8.55507441156614
tgt,0,0,352,9.83454639099791,9.564014897228036
tgt,0,0,354,9.77208576896938,9.192394423402304
tgt,0,0,358,9.639123616417292,9.9442250121767
tgt,0,0,361,10.519768812430849,10.10976094959421
tgt,0,0,367,11.325673635442907,9.571206586130414
tgt,0,0,371,10.07451554168275,9.538692503983794
tgt,0,0,374,8.839584278782498,9.199054540849593
tgt,0,0,377,8.047773465585719,9.842392642244855
tgt,0,0,380,9.59809117073357,9.193108818933766
tgt,0,0,390,9.002090707033442,8.945231263449992
tgt,0,0,394,8.815046451815611,9.76711074243832
tgt,0,0,398,9.207708671387985,10.2126016000281
tgt,0,0,409,8.343466536881161,9.629033563248106
tgt,0,0,411,9.59145776168447,10.457071496447954
tgt,0,0,413,11.307663101942056,10.273881140672353
tgt,0,0,420,8.82316684407794,9.320337030460044
tgt,0,0,422,9.116283908211368,9.616507228762151
tgt,0,0,425,9.450654549595072,8.712195638260182
tgt,0,0,427,11.581954906776478,9.6748845348544
tgt,0,0,429,9.503558653826081,9.80362624316888
tgt,0,0,430,9.343773553753177,7.586908533216119
tgt,0,0,433,9.316936998364254,10.202444386687668
tgt,0,0,438,9.259780677519808,9.158865378498723
tgt,0,0,447,8.831051700510196,9.075674424790119
tgt,0,0,458,8.945396277988355,9.0545657382758
tgt,0,0,462,8.712353086271184,9.364563043205704
tgt,0,0,464,8.688672034366737,9.762769824411984
tgt,0,0,467,8.902804485758217,9.140325896352138
tgt,0,0,477,8.475769887604114,7.597186741048769
tgt,0,0,479,10.785646677542902,9.356944655113997
tgt,0,0,481,8.951525414709158,9.511271258319773
tgt,0,0,494,9.8501096062446,9.861488920759255
tgt,0,0,497,9.970401938320773,9.404498413652131
tgt,0,0,506,8.844297779590484,8.8600430492681
tgt,0,0,513,5.98774525410471,8.588876812807872
tgt,0,0,522,9.917876815794518,7.488105728653269
tgt,0,0,526,9.885759812815165,10.192650098772491
tgt,0,0,527,10.716874214240526,10.162370821931761
tgt,0,0,528,10.467842884723506,9.731664843133354
tgt,0,0,532,8.726059002851223,8.38795052222554
tgt,0,0,535,9.36218820391201,9.904627623534648
tgt,0,0,536,8.876673340644919,9.237122181871245
tgt,0,0,538,9.54456338785296,10.166508433941873
tgt,0,0,542,8.85932119627081,8.374551842472579
tgt,0,0,548,8.690211576762529,8.955707107675584
tgt,0,0,549,9.91111487193976,9.746036073500935
tgt,0,0,551,9.722731713785707,9.996307963824263
tgt,0,0,553,11.151445078019947,9.475464475795338
tgt,0,0,554,10.391252576751203,10.268806549426154
tgt,0,0,558,8.815046451815611,10.385769228280036
tgt,0,0,560,9.544448208462223,9.984869309990206
tgt,0,0,567,9.02880531133303,10.305482363803302
tgt,0,0,573,11.040228099769323,11.109521943137883
tgt,0,0,575,7.11996613760375,7.979428319636469
tgt,0,0,578,9.99906831863777,11.1112069975607
tgt,0,0,579,8.454567900645674,9.898476199943765
tgt,0,0,582,8.448115990945126,9.249285112355013
tgt,0,0,585,8.786183425735068,9.825567319992095
tgt,0,0,588,8.858180846459916,9.12179149313425
tgt,0,0,596,10.27048666877724,11.039258792876124
tgt,0,0,598,8.573473750876978,8.531806933182478
tgt,0,0,599,8.792648213112853,10.044495162738217
tgt,0,0,605,8.164536947389458,9.269110101067204
tgt,0,0,610,7.927355675115296,8.913970636512703
tgt,0,0,615,7.793308987052245,9.655911261705409
tgt,0,0,617,10.400606613528998,9.551284333637936
tgt,0,0,621,9.544066115578834,9.343489524523006
tgt,0,0,624,10.687651301962815,9.95533012572521
tgt,0,0,629,7.568285403410734,7.518676589206108
tgt,0,0,630,9.846360633282572,9.544239447549861
tgt,0,0,636,5.747166738957796,9.90956090173326
tgt,0,0,638,11.224350772024618,9.27216725591575
tgt,0,0,644,9.71975486168067,9.75102470186895
tgt,0,0,649,10.844336606149895,10.339086901990633
tgt,0,0,665,8.835519641707638,8.821878104753713
tgt,0,0,668,9.530983959535185,9.399614250953345
tgt,0,0,670,11.473951612083644,8.569062755183952
tgt,0,0,672,10.020468002829247,9.340703073979286
tgt,0,0,673,8.938766292278338,8.34999548271358
tgt,0,0,695,9.322592399055383,8.97990058397116
tgt,0,0,700,10.926205605834433,10.050797130189446
tgt,0,0,706,9.536628986661121,9.119715639038771
tgt,0,0,707,9.456444594320834,9.672734222905188
tgt,0,0,708,8.884771326112716,9.71124338222066
tgt,0,0,712,8.892164886231313,8.86147960780204
tgt,0,0,715,9.022509081115786,8.900797829619155
tgt,0,0,727,8.843093872534201,9.492754838272557
tgt,0,0,731,9.59173997406987,9.925881814347623
tgt,0,0,736,8.804346652027395,9.441842988310361
tgt,0,0,739,11.768013176972755,10.456639301382145
tgt,0,0,752,8.876673340644919,10.199380200798801
tgt,0,0,755,9.934633664092708,10.126992493656639
tgt,0,0,762,9.842750684854737,9.081647714364772
tgt,0,0,764,9.666487152255824,8.173895698064053
tgt,0,0,765,8.572176221289979,8.834051618574811
tgt,0,0,767,9.2197808552554,9.872438464072212
tgt,0,0,772,4.7187341471869795,7.219595195121727
tgt,0,0,778,9.084524114609383,8.86410322712535
tgt,0,0,780,10.949106434479443,9.48305280731686
tgt,0,0,783,9.47799014496265,8.465225855307304
tgt,0,0,792,10.606319856433352,10.173575947044968
tgt,0,0,793,8.82502011877412,8.639946652346934
tgt,0,0,803,9.540964190678215,7.904414386652654
tgt,0,0,807,5.663906855098528,9.106020934875156
tgt,0,0,813,9.696489292729243,8.766920790444678
tgt,0,0,814,7.982867906518578,7.72202394982467
tgt,0,0,817,10.21110389872861,10.701713145986778
tgt,0,0,818,9.514353980923236,9.314254011959468
tgt,0,0,823,9.685002836849426,9.483005969026268
tgt,0,0,824,11.665416673396159,8.358346000591363
tgt,0,0,826,10.542072639527253,7.062737328926544
tgt,0,0,832,9.741439236694138,9.544891816980119
tgt,0,0,852,10.796767973541511,8.62832271769553
tgt,0,0,858,9.059849441555613,8.787479181028134
tgt,0,0,861,9.877968157260126,8.882875289132507
tgt,0,0,873,8.829432704688951,9.243026080809745
tgt,0,0,874,9.672563813902956,9.786829818250713
tgt,0,0,875,9.876366362563795,10.252042012683987
tgt,0,0,886,9.9291758300681,10.473596212877322
tgt,0,0,887,11.069253285354865,10.4194227913261
tgt,0,0,888,9.408929736288757,8.197071376398231
tgt,0,0,889,8.210927156282814,9.401828455006534
tgt,0,0,893,14.140368706645985,9.976052064635956
tgt,0,0,898,9.706352228377655,9.059465589361244
tgt,0,0,899,9.84787781633449,9.540114769958624
tgt,0,0,909,9.20309730609092,9.279344917306007
tgt,0,0,914,9.917859132081032,10.276236411132851
tgt,0,0,934,9.888015112800915,9.265601399819113
tgt,0,0,936,9.028925487350767,9.395049959314802
tgt,0,0,953,9.531780716177067,8.974515970448833
tgt,0,0,962,11.217163990014965,10.06804216902439
tgt,0,0,965,9.208094680998691,9.286832445730306
tgt,0,0,982,11.43360218594583,9.975796718562956
tgt,0,0,991,8.844615840474644,8.299737293582274
tgt,0,0,994,10.771099843175612,10.222747144320333
tgt,0,0,1000,9.529370031470673,7.998063340633645
tgt,0,0,1004,8.9236007564723,8.765787631012815
tgt,0,0,1009,6.266917855836121,9.681107302045989
tgt,0,0,1018,9.462759873571928,9.426934319254588
tgt,0,0,1022,8.731616236766143,9.675801562883786
tgt,0,0,1035,10.471354063934466,9.851975338092258
tgt,0,0,1042,11.770378866078298,8.952399935896423
tgt,0,0,1046,8.856285339641357,8.521905684132825
tgt,0,0,1054,7.793308987052245,8.829512888947697
tgt,0,0,1057,7.8524444854206905,6.735500852661857
tgt,0,0,1061,9.60850995084348,9.726622549338593
tgt,0,0,1062,7.990082911809624,7.014853648538062
tgt,0,0,1065,9.206211489459973,9.18235981783961
tgt,0,0,1069,9.764057447464381,10.14539267795652
tgt,0,0,1070,8.458157035344817,8.225598855683918
tgt,0,0,1073,11.766299689135417,9.788414721698397
tgt,0,0,1079,9.496713775969816,8.175693324433263
tgt,0,0,1098,8.012338134291433,9.219814637588213
tgt,0,0,1102,10.450123768027728,10.191277179419133
tgt,0,0,1105,9.544066115578834,9.794358066432837
tgt,0,0,1106,9.944518636315701,8.814619826706023
tgt,0,0,1110,6.404144882745376,7.846596017050931
tgt,0,0,1114,8.859446469995536,8.300022334603556
tgt,0,0,1115,9.88168114124805,9.570238191606713
tgt,0,0,1120,13.099901326417534,9.750365968985315
tgt,0,0,1124,8.93182724702528,9.001575307821033
tgt,0,0,1133,10.042107740314023,9.870398914912071
tgt,0,0,1137,9.044338942195592,8.929201794754745
tgt,0,0,1151,8.962891528116009,9.31994072664908
tgt,0,0,1169,10.562389312433538,10.118190686421288
tgt,0,0,1177,8.713540349336276,7.262030605043795
tgt,0,0,1182,8.448115990945126,9.01830110625927
tgt,0,0,1186,8.963954403844841,7.708074574981663
tgt,0,0,1191,9.885759812815165,10.215956911993489
tgt,0,0,1193,9.335366965607754,8.73738971312817
tgt,0,0,1196,9.525970592081912,9.811163109327392
tgt,0,0,1203,8.731078648122475,9.273030224861465
tgt,0,0,1207,10.96875696166635,9.906129590319484
tgt,0,0,1219,9.503268555342874,8.758827087180963
tgt,0,0,1222,8.904537858431317,9.739152144544304
tgt,0,0,1224,7.024165974299017,9.785720814899761
tgt,0,0,1229,8.642654696738118,8.250820003905142
tgt,0,0,1233,8.618250712477414,7.051665975999403
tgt,0,0,1240,9.273351359872422,9.184512731534854
tgt,0,0,1255,10.445958661827317,8.058637020431817
tgt,0,0,1258,9.298374142809731,8.551571926259696
tgt,0,0,1264,6.655467757971464,8.24832274196545
tgt,0,0,1270,8.830664835505585,8.389231122416566
tgt,0,0,1280,7.151830087117214,8.244405951344941
tgt,0,0,1284,7.3918561226734125,8.154714640954069
tgt,0,0,1290,7.3918561226734125,8.114151486420136
tgt,0,0,1293,9.401207869721373,9.318898346326522
tgt,0,0,1296,7.440697707328121,7.212876061217252
tgt,0,0,1298,8.31098129740894,11.518923853075213
tgt,0,0,1306,9.508006637455326,9.179598242068264
tgt,0,0,1308,9.500465984351116,9.676076063321405
tgt,0,0,1311,9.14759998629031,9.38508578068915
tgt,0,0,1318,8.911241055331761,9.55912653312018
tgt,0,1,2,10.129610180511676,9.638621539773814
tgt,0,1,3,9.756385257564377,9.05917843588771
tgt,0,1,5,9.398320464600033,9.392836395695015
tgt,0,1,6,9.790462321182316,9.684806132914403
tgt,0,1,10,9.81155524924289,9.543548140383823
tgt,0,1,12,8.861449865389382,8.349454754852658
tgt,0,1,25,9.416028195404499,9.46704410713537
tgt,0,1,27,9.924520812978892,9.72505580525357
tgt,0,1,30,8.895747739202074,9.028613504707664
tgt,0,1,39,8.887312058580644,8.918093302348886
tgt,0,1,47,5.032660247580949,7.695884368709741
tgt,0,1,59,10.631046615555846,9.702061515440324
tgt,0,1,66,8.868497838248153,9.22350468382447
tgt,0,1,67,10.35157983965416,9.23346101289954
tgt,0,1,83,10.316255942075443,9.85517477530913
tgt,0,1,88,9.533498843372954,8.700264855981553
tgt,0,1,96,9.486644944645525,9.152136104007695
tgt,0,1,100,8.048965761713728,9.639922490425498
tgt,0,1,106,9.353230367756675,9.351574142277084
tgt,0,1,111,11.519992149991515,9.428553492890785
tgt,0,1,129,8.117015123845398,9.22902400323127
tgt,0,1,135,9.83454639099791,9.217439876192651
tgt,0,1,136,7.992471697028513,6.67003596378661
tgt,0,1,138,5.747166738957796,8.932054192987518
tgt,0,1,139,8.891077966218434,8.51552675591796
tgt,0,1,140,8.965805292819113,8.986222068778876
tgt,0,1,141,9.526239833615033,9.01743679771283
tgt,0,1,147,14.497840685323634,9.17905284153207
tgt,0,1,156,9.41565594509078,9.621509972963969
tgt,0,1,158,9.47799014496265,7.759733028368954
tgt,0,1,171,8.308236720372685,8.28109966755416
tgt,0,1,178,9.983716888085906,10.344159549810065
tgt,0,1,199,11.094840680715262,9.84579072590617
tgt,0,1,209,9.622959152446043,9.02890259284495
tgt,0,1,211,9.559138285458836,8.865564225147034
tgt,0,1,215,9.775977939633496,8.824541446338843
tgt,0,1,224,8.50971949942563,9.641941282528515
tgt,0,1,227,8.771187590232591,9.51272417643202
tgt,0,1,237,10.519638816341798,9.702598059391192
tgt,0,1,242,11.10439026700533,9.725134621138288
tgt,0,1,256,9.379112211223054,9.361273080917957
tgt,0,1,260,8.853010948055,9.030085455244773
tgt,0,1,266,9.685002836849426,9.45327504387518
tgt,0,1,273,10.657113756078218,9.426762877690072
tgt,0,1,274,10.799781149308286,9.60097367979877
tgt,0,1,285,10.327678395064133,9.635505527728935
tgt,0,1,287,11.882458417058416,9.413793671091568
tgt,0,1,290,8.948121467323443,8.531662166337362
tgt,0,1,292,5.346981860916588,9.503995104355369
tgt,0,1,294,9.88252539211117,9.282550180636083
tgt,0,1,299,11.217163990014965,9.872427073809309
tgt,0,1,308,10.056973031023167,9.672090174091949
tgt,0,1,309,10.471354063934466,9.630848819276931
tgt,0,1,310,9.768357925758396,9.608123157901206
tgt,0,1,311,8.581622765681814,9.31690149361867
tgt,0,1,314,9.9889229583937,7.3841409459390235
tgt,0,1,318,9.060292241224381,9.365156347383481
tgt,0,1,319,9.03178753793685,9.749990669277196
tgt,0,1,321,9.88227538368984,8.538793746343003
tgt,0,1,323,9.683779499384302,9.890522364950872
tgt,0,1,325,5.0404764771765525,8.223454400497095
tgt,0,1,327,4.221641867407438,9.218394978876539
tgt,0,1,328,9.117565447903422,8.953692390332368
tgt,0,1,332,9.874253849072248,9.341999486010199
tgt,0,1,333,11.482114845036056,9.821101077682938
tgt,0,1,336,8.960870521115845,8.539908461986773
tgt,0,1,342,8.885986951225282,10.454092282895624
tgt,0,1,348,6.069421481067079,6.864394026350109
tgt,0,1,351,8.542092873883236,9.005901532389942
tgt,0,1,355,8.923387046323938,8.847196239607088
tgt,0,1,362,10.264102744337444,9.745275540907688
tgt,0,1,363,10.549657889154828,9.745373379609845
tgt,0,1,365,9.51587378876803,9.06256878141785
tgt,0,1,370,11.664298122999925,8.73821485996602
tgt,0,1,376,5.177049751164376,8.883699813547695
tgt,0,1,381,9.610995628806464,4.826282178449234
tgt,0,1,382,5.95516788893606,9.260997383654654
tgt,0,1,405,11.50137702378983,9.430005766584005
tgt,0,1,410,4.97726839946602,9.678973968948084
tgt,0,1,415,10.63501107277504,9.23993832765823
tgt,0,1,423,11.22918813265697,8.805423737441368
tgt,0,1,424,9.367810338499734,9.173432075210947
tgt,0,1,428,9.863649713836041,8.956973480622302
tgt,0,1,432,8.763717383882055,9.22401461381316
tgt,0,1,435,9.72491548539214,4.1016653465731645
tgt,0,1,439,11.61142954977092,9.461041707427132
tgt,0,1,442,9.133562064155305,8.802461269897806
tgt,0,1,451,8.93420907861374,9.94338439884747
tgt,0,1,453,9.521749482611126,3.0432177240797365
tgt,0,1,461,8.639444009430557,9.06619571822964
tgt,0,1,471,9.852771820380028,9.712836075495218
tgt,0,1,478,10.622304566782045,9.510164464324422
tgt,0,1,482,9.846360633282572,9.495450088852547
tgt,0,1,485,9.609716299596856,9.573699224966637
tgt,0,1,486,8.445447775151296,9.50314502176089
tgt,0,1,490,9.556616738523276,9.925198780390154
tgt,0,1,493,10.393019099841563,9.25711838969228
tgt,0,1,503,10.400606613528998,8.43850465849987
tgt,0,1,514,7.715366722604393,7.006127862510779
tgt,0,1,529,8.538659738727432,7.724645119264912
tgt,0,1,534,11.240599328745263,10.338385336201965
tgt,0,1,543,9.27626584319742,9.664890551194395
tgt,0,1,561,11.72846297839217,9.680497530332833
tgt,0,1,566,10.633991396959624,9.804960942622998
tgt,0,1,570,9.314529264011021,9.195588086791727
tgt,0,1,572,10.781147512012529,9.333829138061457
tgt,0,1,581,8.572176221289979,9.682029524763522
tgt,0,1,583,9.510068007238939,8.593073720141991
tgt,0,1,590,9.513376534210744,9.153843773609424
tgt,0,1,591,9.335034144145895,8.999864286071158
tgt,0,1,594,9.661781134599789,9.476471660978259
tgt,0,1,597,8.85969138230795,8.425327237370736
tgt,0,1,602,9.035052492972724,8.828025111654117
tgt,0,1,614,10.07403696372974,8.60450550296105
tgt,0,1,618,8.84852276288822,8.940835956001107
tgt,0,1,620,9.236526787019613,9.43930400167834
tgt,0,1,622,7.117758240077067,9.525953860385249
tgt,0,1,628,8.861859115764585,9.252441418622695
tgt,0,1,631,8.846308571466354,9.130306483380647
tgt,0,1,634,10.225807705113658,9.459228833876477
tgt,0,1,650,8.810264535122618,6.894050102466441
tgt,0,1,651,7.651978369403329,9.678220185487248
tgt,0,1,660,14.497840685323634,8.99500519932922
tgt,0,1,661,4.775601305889663,7.74254530641927
tgt,0,1,666,8.936585250426646,9.099573226083024
tgt,0,1,676,8.448115990945126,9.583932687569233
tgt,0,1,679,7.030642958856065,8.161762666237443
tgt,0,1,680,6.507466334893175,8.17856138028747
tgt,0,1,682,10.150471230328876,9.742681327389164
tgt,0,1,693,9.480586950759035,8.861556138687963
tgt,0,1,701,6.349203132679344,9.60879221793526
tgt,0,1,704,8.874733917797165,9.674642696136651
tgt,0,1,710,8.79195359589521,8.687892728871912
tgt,0,1,718,9.906384625115889,7.3391702595722395
tgt,0,1,721,11.224350772024618,9.27785136977777
tgt,0,1,723,9.863649713836041,9.152384924275616
tgt,0,1,724,8.764563483541362,8.880955124750194
tgt,0,1,741,8.303718314709641,7.802759575529149
tgt,0,1,744,9.406770459985994,9.188594586445292
tgt,0,1,746,9.469501863499106,9.681218801874369
tgt,0,1,756,9.342857028279905,9.046595992738899
tgt,0,1,759,4.8653409850297695,7.404511208351205
tgt,0,1,771,9.294277622769703,9.403677405907821
tgt,0,1,774,9.416028195404499,8.764510846494872
tgt,0,1,785,8.319971735836441,9.764621694147012
tgt,0,1,796,8.795531047895608,8.957314030029746
tgt,0,1,809,8.799567452326007,9.284872135256412
tgt,0,1,810,10.033748179596422,9.116904272804803
tgt,0,1,811,7.093803486512619,6.655513718836302
tgt,0,1,828,7.464470700919525,7.59105727772689
tgt,0,1,839,8.861859115764585,9.16901863412406
tgt,0,1,843,9.494108022264337,9.188817297980744
tgt,0,1,845,8.62840840974589,9.000139460820598
tgt,0,1,846,8.726059002851223,8.933876163092457
tgt,0,1,847,9.316933356961576,9.140369423794214
tgt,0,1,849,8.68892199844184,9.207835049638936
tgt,0,1,855,10.21110389872861,8.815701711502324
tgt,0,1,857,8.834416199105288,9.030943152247305
tgt,0,1,864,8.645290750169599,7.880093443763698
tgt,0,1,867,8.877428940995088,8.864481722527328
tgt,0,1,872,8.885986951225282,9.574192755838755
tgt,0,1,879,9.059849441555613,9.065383081973842
tgt,0,1,881,9.545605200044395,9.918575973361627
tgt,0,1,885,9.592889344202757,8.9987858537587
tgt,0,1,895,8.817633804294276,8.066242389237647
tgt,0,1,900,9.84787781633449,9.964162855833237
tgt,0,1,903,9.53497479484357,9.184448276590324
tgt,0,1,904,9.97453500946948,9.201424383887952
tgt,0,1,905,9.65028697161573,9.065391873172485
tgt,0,1,906,10.720075447860186,9.056524194256157
tgt,0,1,910,11.101932153072562,9.881718598821896
tgt,0,1,912,9.567732628045045,9.662518442199922
tgt,0,1,915,10.222466145890378,9.60887566804447
tgt,0,1,916,9.917859132081032,9.597945978866376
tgt,0,1,917,9.554836219382587,9.039722357861724
tgt,0,1,922,10.20005253747898,9.997581586316826
tgt,0,1,923,8.877943546374578,8.853393233110925
tgt,0,1,930,10.488772183070266,9.96085612729773
tgt,0,1,933,5.54714806793135,6.777475093570352
tgt,0,1,937,10.516424795011144,9.7779597262372
tgt,0,1,938,10.633991396959624,9.868733976487174
tgt,0,1,941,9.13398639649041,9.487383896820003
tgt,0,1,964,9.95344513467462,9.59472210665112
tgt,0,1,968,8.876393277877366,8.82615233404094
tgt,0,1,970,9.232085895528442,9.873720994649908
tgt,0,1,976,7.300502510653326,9.268716661108904
tgt,0,1,977,9.053539946270975,8.971516291796133
tgt,0,1,979,11.521116984714599,9.521951542521695
tgt,0,1,986,11.565930214124215,9.968362942371517
tgt,0,1,987,9.357570732938026,9.969959287647672
tgt,0,1,989,9.604683208161765,10.043615550504398
tgt,0,1,993,6.905261895082438,10.007398830749402
tgt,0,1,999,8.90252078287104,9.16966407421415
tgt,0,1,1001,8.975591837450066,9.581590007413206
tgt,0,1,1002,10.327678395064133,9.552469581780297
tgt,0,1,1008,9.410139854733641,9.027519110587361
tgt,0,1,1013,10.281571313197123,9.740293305958776
tgt,0,1,1024,9.631752797305458,9.636600616776086
tgt,0,1,1027,8.602574826664616,9.1098721922333
tgt,0,1,1033,10.443984027295093,9.672507589879146
tgt,0,1,1036,11.27491241788098,9.37440385701673
tgt,0,1,1037,11.46541161790749,9.591839716419596
tgt,0,1,1052,9.681252442651523,9.447577534713046
tgt,0,1,1066,9.795461708210151,8.421079160161998
tgt,0,1,1072,8.834416199105288,8.873975118295558
tgt,0,1,1077,7.6490006958131795,7.601144680309178
tgt,0,1,1080,9.535148785120295,9.006482244281724
tgt,0,1,1081,8.937987124076122,9.503674431480334
tgt,0,1,1083,7.130068856363251,8.533141625589503
tgt,0,1,1085,12.112824461037555,9.563887136522885
tgt,0,1,1090,8.51270559098283,7.965262803016119
tgt,0,1,1093,4.6639093703073335,8.796442016846195
tgt,0,1,1096,4.889475904968016,9.213368064448275
tgt,0,1,1100,9.990825380884715,8.84605255094197
tgt,0,1,1101,8.924668777159162,8.625391584286131
tgt,0,1,1117,9.494108022264337,8.975216914584811
tgt,0,1,1122,8.438372422105175,9.13192873206979
tgt,0,1,1127,10.366233062086044,9.800349867853527
tgt,0,1,1128,8.022756452858243,7.891940427347878
tgt,0,1,1135,11.591710266423675,9.594427215335587
tgt,0,1,1139,10.887926039625723,9.119971830526474
tgt,0,1,1140,9.859755995643548,9.413844264010805
tgt,0,1,1141,9.203246869671574,9.351940633666857
tgt,0,1,1144,8.652204333546237,10.39452260687321
tgt,0,1,1145,9.936428797571617,9.002928840995057
tgt,0,1,1147,8.734118374612615,8.677983629224936
tgt,0,1,1149,9.062926554976821,8.955476665047513
tgt,0,1,1158,11.68545350384764,9.466137347259036
tgt,0,1,1160,8.823491696295509,9.37862174378526
tgt,0,1,1168,8.871080364209414,9.395518896220754
tgt,0,1,1171,8.642654696738118,9.338016150231695
tgt,0,1,1173,9.515244300205124,9.18378830172899
tgt,0,1,1176,7.3918561226734125,7.271581738236686
tgt,0,1,1178,8.713540349336276,8.993697629645434
tgt,0,1,1179,7.3918561226734125,7.96618946043295
tgt,0,1,1187,8.384850510051596,8.958426052549264
tgt,0,1,1188,8.94526035143918,7.399999861087649
tgt,0,1,1189,6.270337972718562,7.780819350922874
tgt,0,1,1195,9.360581036704676,8.444620925679619
tgt,0,1,1200,8.672800547946073,8.139954434218934
tgt,0,1,1205,8.914616171594778,8.966625993394894
tgt,0,1,1208,4.813623019186166,7.8614264539096075
tgt,0,1,1212,9.818500892114736,8.958275170258073
tgt,0,1,1226,9.518471138860171,9.789849098367572
tgt,0,1,1227,8.880864253548506,9.250652741352507
tgt,0,1,1228,7.26407066728849,7.036795602407027
tgt,0,1,1235,9.914565662108732,9.567094625968846
tgt,0,1,1247,9.092046789362879,8.933721147167653
tgt,0,1,1248,10.519768812430849,9.762984355653149
tgt,0,1,1252,9.818500892114736,9.327401902429582
tgt,0,1,1253,7.867888771640568,9.606562028412505
tgt,0,1,1254,8.826869795421247,8.9031997766362
tgt,0,1,1262,11.359136752808103,9.283261170591452
tgt,0,1,1272,9.360581036704676,9.909594834495621
tgt,0,1,1274,9.022746189328709,9.136731706474066
tgt,0,1,1277,7.3918561226734125,0.47281831108341754
tgt,0,1,1279,9.568147868794718,8.902119780502845
tgt,0,1,1281,5.33314699625937,8.92780202297521
tgt,0,1,1282,9.560541023198626,8.950146051038281
tgt,0,1,1287,7.3918561226734125,7.466200247160804
tgt,0,1,1304,8.22402635202534,8.861143556930276
tgt,0,1,1305,9.47567333802374,9.439110365213335
tgt,0,1,1312,8.914503067970637,9.201885726078103
tgt,0,1,1314,8.73822358566592,9.406980886916909
tgt,0,1,1317,8.556935492172897,0.17019322472300336
tgt,0,2,0,9.491386237359054,9.458594810972443
tgt,0,2,7,9.089112477325578,8.778409584802793
tgt,0,2,9,9.590753068947574,9.813016833502155
tgt,0,2,24,9.754315565648422,9.528932357006477
tgt,0,2,28,10.633991396959624,9.66091068754494
tgt,0,2,33,9.840804962439263,8.007342447654423
tgt,0,2,38,9.942869844509849,9.469534406106101
tgt,0,2,41,10.426525591919185,9.902562514559689
tgt,0,2,45,10.761765682330706,9.440699685350056
tgt,0,2,55,6.4788077498438055,7.3132279633263515
tgt,0,2,60,10.277544963519832,9.789062455401956
tgt,0,2,62,9.208094680998691,8.709598244488324
tgt,0,2,69,8.914281957720304,8.002296294551773
tgt,0,2,71,8.986162431741164,9.288958222569114
tgt,0,2,72,9.507726423429105,8.870493605117298
tgt,0,2,73,10.225807705113658,7.0749269288064625
tgt,0,2,77,8.895747739202074,9.345915014816699
tgt,0,2,79,6.76122602235186,9.449103717439767
tgt,0,2,80,11.550179256577891,9.633129101912274
tgt,0,2,82,11.114006143320388,9.900205426615843
tgt,0,2,84,8.96899130270992,8.911996004717993
tgt,0,2,90,7.943986388531612,9.429462174805494
tgt,0,2,92,6.507466334893175,9.729189667277845
tgt,0,2,94,8.863522932800231,8.74754164287391
tgt,0,2,97,8.841517535552091,8.75295517346036
tgt,0,2,104,9.977875090421994,8.593946054063382
tgt,0,2,108,9.60208946764502,9.224319884383226
tgt,0,2,110,6.204969201148551,8.51151228798692
tgt,0,2,118,9.526447412350402,8.824761767338474
tgt,0,2,120,10.535717548224742,9.485064887956591
tgt,0,2,125,9.609716299596856,9.263843830736901
tgt,0,2,131,11.47826121830631,9.768861739438181
tgt,0,2,132,8.4317013664497,9.111094378859848
tgt,0,2,133,9.60106966145002,9.319162692275329
tgt,0,2,137,9.260143360779825,8.593261464345554
tgt,0,2,144,8.562501772760832,8.783633277217108
tgt,0,2,145,8.818215914995909,9.783240156372695
tgt,0,2,148,7.093803486512619,7.4044020422238805
tgt,0,2,162,9.331309273856075,9.47570704599775
tgt,0,2,164,10.648880230244648,9.63573281933704
tgt,0,2,165,8.564998081982052,9.07317120981338
tgt,0,2,169,8.866384135138295,8.676650777149883
tgt,0,2,172,8.986378198682413,8.86034981942237
tgt,0,2,173,4.148390588530923,9.796283036690141
tgt,0,2,177,12.143791229533234,9.594247957100388
tgt,0,2,181,8.60486293565125,8.616942274511166
tgt,0,2,182,9.259356811210148,9.523943865553973
tgt,0,2,183,9.59062172451634,9.346476789420935
tgt,0,2,185,9.706352228377655,8.980624520676821
tgt,0,2,193,7.636382991738316,7.846401166746624
tgt,0,2,194,8.891077966218434,8.72300126581417
tgt,0,2,204,8.899646472635363,8.95546821420465
tgt,0,2,212,9.60850995084348,9.558687106453256
tgt,0,2,213,4.632013489062848,8.500302386863718
tgt,0,2,214,8.098348699287369,8.57274315527082
tgt,0,2,223,8.914281957720304,8.279549262003604
tgt,0,2,226,10.631046615555846,9.492882085008594
tgt,0,2,228,8.899646472635363,9.490517657967418
tgt,0,2,234,8.97675783025167,8.716118263999405
tgt,0,2,235,9.880844464399921,8.972886611992953
tgt,0,2,238,9.609861460482943,9.943148817703564
tgt,0,2,248,12.076731298369038,9.964048401216585
tgt,0,2,249,11.165392042255487,9.66603655361107
tgt,0,2,250,8.632970100946553,9.709862610474744
tgt,0,2,251,9.218317612516758,9.707005307790917
tgt,0,2,255,11.913204804513269,9.561287374452615
tgt,0,2,258,9.460978748763544,9.339050992619372
tgt,0,2,280,4.657288795209642,8.933290524865834
tgt,0,2,281,9.294664818707961,9.377942012214415
tgt,0,2,300,8.618250712477414,9.524796584964607
tgt,0,2,302,10.310959287987005,9.763337203217526
tgt,0,2,305,8.951525414709158,9.273951959868592
tgt,0,2,307,8.817633804294276,8.6804377083162
tgt,0,2,326,9.538404675570478,8.81891006571103
tgt,0,2,329,11.70932249586873,9.909405475492276
tgt,0,2,334,9.533036270836698,8.75203229536661
tgt,0,2,338,8.928663841171723,9.343419638587013
tgt,0,2,347,6.5430963318288775,8.602368168150784
tgt,0,2,357,9.374810048015087,8.869015269876604
tgt,0,2,359,11.908258895842696,9.692487179377329
tgt,0,2,360,11.566648153207392,9.413476293884152
tgt,0,2,364,10.491535371612304,9.550763187874628
tgt,0,2,366,11.360461128671128,9.640774117327275
tgt,0,2,372,7.830704350433426,7.600592291376019
tgt,0,2,373,9.553758010074343,8.67640421915036
tgt,0,2,383,5.95516788893606,9.340336728321716
tgt,0,2,386,9.514353980923236,9.001622201012562
tgt,0,2,388,9.354314645752345,9.48988884649363
tgt,0,2,389,8.845580918277026,9.456527572915093
tgt,0,2,404,8.495105441378687,9.442065683168634
tgt,0,2,408,11.325673635442907,9.716784929313087
tgt,0,2,414,8.843400790146429,8.594675780355429
tgt,0,2,421,8.804202120758022,7.914875147065867
tgt,0,2,436,7.675780142178387,7.664053299358672
tgt,0,2,440,9.2748943010263,8.79289737580478
tgt,0,2,445,8.210927156282814,9.258195039043857
tgt,0,2,448,8.718616633802412,9.292364494618655
tgt,0,2,449,10.794804291960812,9.52753523491449
tgt,0,2,450,9.734764367385774,9.251871644507142
tgt,0,2,457,9.816704306104562,9.640742862709775
tgt,0,2,460,4.7187341471869795,6.9905658633325185
tgt,0,2,465,8.75019741063332,9.612467672633866
tgt,0,2,468,9.608230099942471,9.204932704271608
tgt,0,2,475,8.571386282027794,9.10661685586913
tgt,0,2,480,9.84192078421715,9.613718584570126
tgt,0,2,483,4.822419552674574,8.673440740121904
tgt,0,2,491,8.941698562961754,8.870678148092678
tgt,0,2,495,9.318280993775705,9.489552890578775
tgt,0,2,499,7.901084209386083,7.9602348074813545
tgt,0,2,501,11.145210872549683,9.544346590134351
tgt,0,2,504,11.19624557055897,9.51851449218699
tgt,0,2,505,9.503283234946375,9.40351808188768
tgt,0,2,507,8.74467896832866,9.03533900599877
tgt,0,2,516,8.902662644375544,8.695248191098772
tgt,0,2,518,6.1987127582081,8.82473363189494
tgt,0,2,519,8.743502467332416,8.811088493871324
tgt,0,2,523,8.6084866871349,9.45404439785734
tgt,0,2,525,10.249929519079771,9.802158301662372
tgt,0,2,530,9.6812473835492,9.487030643719867
tgt,0,2,531,9.6343973165645,9.48365561459448
tgt,0,2,533,8.153276480494018,9.555869386843314
tgt,0,2,539,9.931967248820174,9.701850304607927
tgt,0,2,541,7.11996613760375,7.037349028001705
tgt,0,2,545,10.853619838911504,9.571409366593228
tgt,0,2,552,9.269426883412969,8.61941615850609
tgt,0,2,557,14.218084038727572,9.693542872930388
tgt,0,2,568,9.662508959497822,9.91031349094743
tgt,0,2,584,8.839584278782498,9.67833283146795
tgt,0,2,587,6.900586473388366,7.959510668750209
tgt,0,2,589,9.973247552558062,6.904613237690551
tgt,0,2,593,8.858180846459916,9.337030289897614
tgt,0,2,609,8.119871915503872,8.58725016054062
tgt,0,2,613,8.794735137165258,6.826597418685344
tgt,0,2,626,8.879636742739702,9.191698318883356
tgt,0,2,643,8.900116943917197,9.34700505023874
tgt,0,2,652,10.106092644786754,9.572396315715002
tgt,0,2,654,8.308236720372685,9.152129546863913
tgt,0,2,657,9.66497064739163,9.58282848899973
tgt,0,2,667,14.497840685323634,9.48096638284555
tgt,0,2,671,8.599143906731115,9.122908139419062
tgt,0,2,677,9.449663801760984,9.430354989482272
tgt,0,2,678,8.724606257490862,8.71416760036807
tgt,0,2,692,11.444810605739109,9.597350511577067
tgt,0,2,705,10.22685025867826,9.59466522093575
tgt,0,2,711,8.075703949997253,8.694844447851702
tgt,0,2,713,7.049408045665275,8.69235498233443
tgt,0,2,714,9.85821738381232,9.38470219251718
tgt,0,2,716,9.233631144301127,9.092500609317918
tgt,0,2,720,9.906384625115889,9.239075705513335
tgt,0,2,722,9.85821738381232,9.7667976592278
tgt,0,2,730,10.79678787041402,9.314798699855855
tgt,0,2,732,9.08484695846886,9.422743306223994
tgt,0,2,734,8.819627886031759,9.35411671258415
tgt,0,2,737,9.510813894955875,9.72336266147038
tgt,0,2,743,8.21019677992416,8.663567786117325
tgt,0,2,745,9.062447750970458,8.912420819568444
tgt,0,2,754,8.303718314709641,7.998696395950697
tgt,0,2,770,9.486304227145324,9.687207920455203
tgt,0,2,777,8.862035230598428,9.514704853467203
tgt,0,2,781,7.11996613760375,6.835967270299788
tgt,0,2,787,11.545899231451967,9.6335732602348
tgt,0,2,788,10.212748230807566,9.681720173696561
tgt,0,2,798,8.095759949047817,8.538470293764975
tgt,0,2,802,8.76615952042407,9.454725819096947
tgt,0,2,806,8.762425063758911,9.407911018296323
tgt,0,2,808,8.209553405579051,9.28411309587654
tgt,0,2,812,7.752136190779737,8.378519128536132
tgt,0,2,816,10.319933965801361,9.558923291054766
tgt,0,2,820,8.757346257230006,7.614298861074005
tgt,0,2,838,11.577565261357414,9.359832467516153
tgt,0,2,842,9.392136520684145,9.500924350593666
tgt,0,2,844,9.780081576256782,9.91671179545938
tgt,0,2,850,8.22402635202534,9.411857310890015
tgt,0,2,859,10.16280247876309,9.602425381220867
tgt,0,2,862,5.406447482320225,9.300067026933442
tgt,0,2,865,9.459091564295035,8.581700895860173
tgt,0,2,869,6.900586473388366,7.954595118219821
tgt,0,2,890,9.03033834519136,9.28839405542535
tgt,0,2,892,8.886913095296352,9.798662108210051
tgt,0,2,894,11.366100333656334,9.493967005195612
tgt,0,2,908,8.694426593980364,9.931082320504744
tgt,0,2,918,11.300455133607436,9.076373677099609
tgt,0,2,919,9.904683249455568,9.37930061419211
tgt,0,2,924,11.658174479575262,9.427458502246052
tgt,0,2,925,10.912619805108893,9.757244498043436
tgt,0,2,926,11.935649450962053,9.796055167456126
tgt,0,2,931,4.458472740012585,9.524915992993282
tgt,0,2,932,9.579403518919714,9.802980531973335
tgt,0,2,939,9.02880531133303,9.956272560786514
tgt,0,2,940,9.49213134120446,9.563548672783165
tgt,0,2,942,10.761765682330706,8.524132759580905
tgt,0,2,943,9.691015589357002,9.088202135229336
tgt,0,2,946,11.565930214124215,9.856730294872618
tgt,0,2,947,9.859755995643548,8.661257438888049
tgt,0,2,948,8.703137037790778,8.07177869367605
tgt,0,2,949,8.834503845179801,8.703028177621407
tgt,0,2,952,10.008021893655737,9.496111815580361
tgt,0,2,963,10.094859179459583,9.579816231733332
tgt,0,2,966,9.409297858315112,8.667252369315937
tgt,0,2,969,8.876393277877366,9.517538340311956
tgt,0,2,974,9.357570732938026,8.78593309697583
tgt,0,2,984,8.842960684021934,9.278916452586316
tgt,0,2,985,9.489431305776687,9.045239683970353
tgt,0,2,988,11.299766393171163,9.868400983131933
tgt,0,2,996,9.45254499028692,9.68410213917427
tgt,0,2,997,7.257815337326424,7.516271601610127
tgt,0,2,1006,9.696489292729243,9.752301941478036
tgt,0,2,1007,6.319995072729985,8.748951856551846
tgt,0,2,1011,9.685002836849426,8.554565639733273
tgt,0,2,1015,9.906544449512003,9.518486827995694
tgt,0,2,1026,9.491340796879419,8.622304395902079
tgt,0,2,1029,8.990429437371985,9.562266450160957
tgt,0,2,1031,9.536628986661121,9.579348537279007
tgt,0,2,1032,9.305306847902914,9.575464692125903
tgt,0,2,1048,9.438985797226248,7.95552316673893
tgt,0,2,1050,9.438985797226248,9.487150660383042
tgt,0,2,1063,9.6812473835492,9.54170630738531
tgt,0,2,1068,5.41332494975263,9.261720691478757
tgt,0,2,1074,11.690384369443665,9.595240255542182
tgt,0,2,1075,9.158211933584518,9.712520166358013
tgt,0,2,1088,13.919167189502762,9.101239178982398
tgt,0,2,1089,9.05399962204518,9.090154512694903
tgt,0,2,1091,8.928009696026214,7.6938878503799994
tgt,0,2,1092,7.569507342581215,8.715755477387503
tgt,0,2,1108,5.652150021006263,7.59757918843688
tgt,0,2,1116,5.31042319442963,9.49053175857786
tgt,0,2,1119,9.461558705073427,9.939312601504133
tgt,0,2,1121,8.109976202560716,9.535710488201014
tgt,0,2,1131,8.807850001645058,9.546818237330163
tgt,0,2,1134,9.51541322629713,9.259019595136166
tgt,0,2,1148,9.376669959908808,8.552759437372503
tgt,0,2,1153,9.906544449512003,9.524269891240477
tgt,0,2,1156,11.214094186515439,9.370588360088485
tgt,0,2,1163,9.236526787019613,9.115385867150412
tgt,0,2,1167,8.877943546374578,9.025964967579197
tgt,0,2,1170,8.62840840974589,9.121643151167357
tgt,0,2,1175,10.028797437193631,9.036789416692907
tgt,0,2,1181,10.13324409713093,8.8765069759885
tgt,0,2,1185,5.484521231587963,8.595991813038859
tgt,0,2,1197,9.404044051034797,9.383012410191457
tgt,0,2,1199,8.531291261562973,8.49003750239145
tgt,0,2,1204,7.5204566033651075,8.830726093635537
tgt,0,2,1211,9.498678826187316,8.532736517748756
tgt,0,2,1218,9.503268555342874,9.340832851266427
tgt,0,2,1221,11.069203320896328,9.785490921067613
tgt,0,2,1230,8.332864343681115,9.588845076587264
tgt,0,2,1231,10.11906430695426,9.598488805031453
tgt,0,2,1232,6.636867045291898,8.486194887127887
tgt,0,2,1234,7.11996613760375,6.978157820282245
tgt,0,2,1250,8.422713338075464,9.06531896836709
tgt,0,2,1257,9.033406912161706,9.075260291237013
tgt,0,2,1259,10.908013495542644,9.798630368679367
tgt,0,2,1261,4.719449972426415,9.01861208259887
tgt,0,2,1268,10.460091003708909,9.450545833656449
tgt,0,2,1271,4.632013489062848,9.783298003672169
tgt,0,2,1273,8.938113558012127,9.601091290682035
tgt,0,2,1275,8.475769887604114,8.593838090418169
tgt,0,2,1278,6.185751033625324,6.886533711735973
tgt,0,2,1283,6.967991916836645,8.593178270815182
tgt,0,2,1292,4.955467542279146,8.11265863015912
tgt,0,2,1295,9.191761086400293,8.950906435306338
tgt,0,2,1307,8.636287095864132,8.86706432567034
tgt,0,2,1315,8.267311070236467,7.959513760949145
tgt,0,2,1316,8.840885198995426,8.668300593361414
tgt,0,3,4,9.741439236694138,9.001134653426039
tgt,0,3,11,9.590753068947574,9.67165253642688
tgt,0,3,15,9.538979763159485,9.4563177425848
tgt,0,3,17,9.971125865055505,9.204277188604536
tgt,0,3,18,10.536023490096392,8.916994815982093
tgt,0,3,19,8.878005190927242,9.608688731410592
tgt,0,3,22,7.225034920399751,5.647833025204531
tgt,0,3,35,8.861859115764585,9.594638437093362
tgt,0,3,36,9.065711652304069,8.46083242155553
tgt,0,3,42,9.002090707033442,8.609955562811793
tgt,0,3,46,6.14057053025159,9.933264733130624
tgt,0,3,50,8.87046076274869,7.590115446478036
tgt,0,3,52,9.357570732938026,9.566328103826237
tgt,0,3,57,11.2765991047073,7.700359201441151
tgt,0,3,61,8.97564262477964,9.19181046528511
tgt,0,3,68,8.66166363676416,9.56536725283631
tgt,0,3,74,8.552299102486572,9.992603541846677
tgt,0,3,75,8.795877088995939,10.013189410282322
tgt,0,3,85,8.861006307869257,9.529933174254875
tgt,0,3,89,9.14759998629031,8.633505847304303
tgt,0,3,93,9.641381021087629,9.146554338805249
tgt,0,3,99,9.376669959908808,8.417779407247622
tgt,0,3,102,9.524061034247854,8.975604595641311
tgt,0,3,105,10.077539769347673,8.545392449853873
tgt,0,3,114,7.0918037388203325,7.914287591942818
tgt,0,3,116,9.461558705073427,9.21125165951247
tgt,0,3,117,8.825031858951386,9.533011955711329
tgt,0,3,119,8.770957368610505,8.955181768037527
tgt,0,3,124,9.233631144301127,8.440276218986323
tgt,0,3,126,8.414266183486273,9.122887133014615
tgt,0,3,127,9.523756519897796,9.793528227548093
tgt,0,3,142,9.471132354055264,8.207077817712563
tgt,0,3,149,10.283854993042715,9.110202851338265
tgt,0,3,153,10.450123768027728,9.190368953584144
tgt,0,3,154,8.632970100946553,8.773484434554145
tgt,0,3,159,9.028925487350767,8.554847939159842
tgt,0,3,167,9.236487662204937,9.522712956310855
tgt,0,3,176,11.526550553770761,9.713748705826866
tgt,0,3,179,8.886946361674353,8.669118129072823
tgt,0,3,180,8.60486293565125,8.673962434364768
tgt,0,3,188,9.736958277518104,9.29733416709679
tgt,0,3,190,8.59374884354149,7.923609876070458
tgt,0,3,191,4.539624982315645,10.150761566570973
tgt,0,3,195,6.102088788522527,5.0596969359582324
tgt,0,3,203,11.50892016277582,8.814292928179935
tgt,0,3,217,9.43856396098124,9.466101011958381
tgt,0,3,222,9.37235036408229,9.292804406519046
tgt,0,3,232,9.41565594509078,9.425152387610044
tgt,0,3,236,9.741439236694138,8.97709555696558
tgt,0,3,245,11.943295930276049,9.607461138654147
tgt,0,3,257,9.787212753911989,8.748272043370996
tgt,0,3,263,9.08484695846886,9.153630991466805
tgt,0,3,264,8.799567452326007,9.33870146751024
tgt,0,3,267,8.914503067970637,9.08599029229105
tgt,0,3,268,8.968664462559659,9.342381504138181
tgt,0,3,271,8.901658316780201,6.398350225605217
tgt,0,3,272,8.68599220941274,8.292682180330756
tgt,0,3,278,9.565859069049065,9.522012566949627
tgt,0,3,284,8.975591837450066,9.641368164761946
tgt,0,3,301,9.522324906382888,6.693456610907065
tgt,0,3,304,11.625239395346485,9.4223591623213
tgt,0,3,313,14.50563167386488,9.420604205704814
tgt,0,3,320,8.854603645202621,9.446321548482242
tgt,0,3,324,10.736413382266456,9.837523029534783
tgt,0,3,335,11.673396052676596,9.708033294612687
tgt,0,3,340,9.574990237069079,8.76915656993706
tgt,0,3,341,8.973784504326598,8.517447222814141
tgt,0,3,349,8.78045377775954,8.631892874034515
tgt,0,3,353,9.401207869721373,8.712641935471023
tgt,0,3,356,11.565930214124215,9.13752475934115
tgt,0,3,368,8.509137451296079,6.707672796696588
tgt,0,3,369,8.913008338728964,8.847479311397489
tgt,0,3,375,9.508006637455326,9.765378579155637
tgt,0,3,393,9.882336857295524,8.908071523598904
tgt,0,3,395,10.755389974219815,10.021047205558624
tgt,0,3,396,9.916693601791748,10.36602636063265
tgt,0,3,399,9.063892989454,10.208725797300747
tgt,0,3,407,8.89266099373156,9.528430381769754
tgt,0,3,412,7.9453233457098245,9.278625953806086
tgt,0,3,416,5.7598881862662035,8.935622336216266
tgt,0,3,417,9.54644746258256,8.935497389635099
tgt,0,3,419,10.926205605834433,9.202641645529717
tgt,0,3,426,8.903502537030068,9.045490266129026
tgt,0,3,431,9.50012734564325,8.905223365208201
tgt,0,3,434,13.381092595796034,8.86758860443826
tgt,0,3,443,10.237323794832118,9.468576466421753
tgt,0,3,444,8.552848751765596,6.9852808396582855
tgt,0,3,446,9.03033834519136,9.033768582325155
tgt,0,3,454,9.379542290875728,8.559429676202008
tgt,0,3,456,9.380463407082086,9.427082896589006
tgt,0,3,470,9.009870119346248,9.882152599190253
tgt,0,3,473,10.789959478917222,9.759736397345874
tgt,0,3,487,9.77208576896938,9.02728991186321
tgt,0,3,489,5.710661155525307,8.743557321376825
tgt,0,3,496,11.251110924376878,9.402372276734843
tgt,0,3,498,10.018204885502303,9.046700969140213
tgt,0,3,500,10.096373479716444,9.400668399865786
tgt,0,3,511,13.099901326417534,9.180806314227373
tgt,0,3,512,10.427037571176315,9.594634955013433
tgt,0,3,515,10.267915799291814,8.881593816449003
tgt,0,3,521,4.775601305889663,9.29676138701279
tgt,0,3,537,8.73992647346152,9.73707671094636
tgt,0,3,544,9.857910951988101,9.515521377585124
tgt,0,3,547,10.526544223219094,9.728648655562399
tgt,0,3,555,7.11996613760375,8.890822914304083
tgt,0,3,559,10.926886313941923,10.225932655010816
tgt,0,3,569,11.319131883183335,10.041654118195734
tgt,0,3,571,9.490356329136176,9.662714594172936
tgt,0,3,574,8.846614504309585,9.261238292438886
tgt,0,3,576,11.73270098044602,9.705347538107608
tgt,0,3,580,9.151683041191891,8.89859734756563
tgt,0,3,595,11.014005614395286,8.34465114864377
tgt,0,3,601,9.44532227633122,8.7514545072323
tgt,0,3,603,9.77208576896938,9.256989243598195
tgt,0,3,604,8.923387046323938,9.237282935333115
tgt,0,3,606,9.609716299596856,9.488446664884787
tgt,0,3,607,8.414266183486273,9.328760250043814
tgt,0,3,611,8.96899130270992,8.459993377309559
tgt,0,3,616,8.771511103719916,9.144306932465696
tgt,0,3,619,8.718616633802412,8.658689924280697
tgt,0,3,625,7.66541765150128,7.99873932909804
tgt,0,3,633,9.650467354750123,9.302634091227599
tgt,0,3,635,11.369500102863748,-10.209725732722184
tgt,0,3,637,9.996780442251051,8.884339840021518
tgt,0,3,653,7.084973170872993,7.954897507688448
tgt,0,3,655,8.986378198682413,8.894809943910495
tgt,0,3,656,9.60265566438788,8.805689949981867
tgt,0,3,662,9.917876815794518,4.906523619414185
tgt,0,3,664,9.54644746258256,9.191286392440794
tgt,0,3,669,8.784072532490429,10.01862600164052
tgt,0,3,674,9.818950636813211,9.877088366248255
tgt,0,3,675,9.61984468802278,9.98423863826614
tgt,0,3,684,9.629265717862577,10.007560078774084
tgt,0,3,685,5.36666805588016,8.283041439526748
tgt,0,3,688,9.307896974500713,9.895853705708817
tgt,0,3,689,9.523140440749359,9.74321887705677
tgt,0,3,690,5.66876480034732,7.205015207770499
tgt,0,3,691,11.641675040711206,9.486031679949205
tgt,0,3,694,11.474632388092546,9.799605218161279
tgt,0,3,696,9.536628986661121,9.24970341305098
tgt,0,3,697,7.950638687069975,8.660518680228648
tgt,0,3,703,8.815046451815611,9.8297445159652
tgt,0,3,717,9.404163242695638,8.423896387054004
tgt,0,3,726,9.531391232650396,8.635372642346741
tgt,0,3,728,5.702394551936909,9.707295322379112
tgt,0,3,733,9.657540687131084,9.734481605907572
tgt,0,3,735,4.29973877519884,5.576816768621077
tgt,0,3,738,11.185394496911611,9.581004767770416
tgt,0,3,740,9.568092027742638,8.002322497758128
tgt,0,3,750,4.8653409850297695,4.18752738324488
tgt,0,3,753,8.944119862313446,8.552665623517118
tgt,0,3,757,9.564804865388233,9.088881396061801
tgt,0,3,758,10.068320261527935,9.581376506208628
tgt,0,3,760,9.374442757790034,9.16898842991213
tgt,0,3,761,10.346056417735419,7.171692193253164
tgt,0,3,768,8.712267384413988,10.004923139557064
tgt,0,3,773,8.875339714031746,9.182674330081856
tgt,0,3,782,8.780829794271693,8.414496550417322
tgt,0,3,784,11.842854050170217,9.857435876048722
tgt,0,3,786,9.885759812815165,10.279556804732898
tgt,0,3,789,11.71683205563447,10.116161735951922
tgt,0,3,790,10.426525591919185,9.827703905088828
tgt,0,3,799,10.118964008891547,9.312008041938935
tgt,0,3,801,7.11996613760375,7.8075515205510495
tgt,0,3,819,9.450654549595072,9.148032834471895
tgt,0,3,822,8.794735137165258,8.841250975163373
tgt,0,3,825,9.53014537829284,8.676400625101412
tgt,0,3,827,9.121527246521275,8.384583365381115
tgt,0,3,829,10.516847326559596,9.952765068011667
tgt,0,3,830,9.756385257564377,9.141219936477242
tgt,0,3,833,8.948303935697158,9.110754432716181
tgt,0,3,834,11.179932072930061,9.812474387449647
tgt,0,3,836,9.034756068874625,9.325595508395082
tgt,0,3,837,11.577565261357414,10.006690681765413
tgt,0,3,841,9.88168114124805,9.886847136989669
tgt,0,3,848,9.316933356961576,9.138601477751084
tgt,0,3,851,10.450123768027728,9.783001001945298
tgt,0,3,853,8.726059002851223,8.50788988406319
tgt,0,3,866,8.861449865389382,8.371289401321185
tgt,0,3,868,14.029659953218568,8.602516947225581
tgt,0,3,876,9.066054531658043,9.731731955991929
tgt,0,3,882,9.678795059167811,10.419479951938396
tgt,0,3,884,8.795287959132395,9.037404844912512
tgt,0,3,901,8.861222449826588,9.78888146417774
tgt,0,3,902,9.5206324359165,8.671317100067663
tgt,0,3,907,9.468542139105455,8.668534759535119
tgt,0,3,911,9.641381021087629,9.269339572958401
tgt,0,3,920,10.118964008891547,10.065813073310881
tgt,0,3,921,8.626871040702682,9.773857940136878
tgt,0,3,927,11.69432128476021,9.393344166092518
tgt,0,3,935,11.706104760748534,8.558435935086106
tgt,0,3,944,8.890951018124172,8.815571785474953
tgt,0,3,945,9.529370031470673,8.84974831759082
tgt,0,3,950,10.008021893655737,9.435589649050252
tgt,0,3,958,7.395384062996597,9.041040141993651
tgt,0,3,961,9.467882129364858,9.70460976441612
tgt,0,3,967,9.488225829187696,9.749790254542788
tgt,0,3,971,4.922139652494323,9.953456629591772
tgt,0,3,973,9.489431305776687,8.598716146825431
tgt,0,3,978,9.198610736888675,8.915924568933304
tgt,0,3,980,9.99906831863777,9.586037393202762
tgt,0,3,983,13.919167189502762,9.104354310530368
tgt,0,3,990,11.299430728810371,9.775798254724736
tgt,0,3,992,11.454013602972301,9.391960516094926
tgt,0,3,998,9.856671549525103,9.532043101563547
tgt,0,3,1003,8.908505533533194,8.847964090786242
tgt,0,3,1005,9.685002836849426,8.2743212749386
tgt,0,3,1010,9.590341570897882,8.00336631794564
tgt,0,3,1023,9.439419421477846,9.24964146123758
tgt,0,3,1030,8.921273854021832,9.213930058812975
tgt,0,3,1034,9.368896413304887,8.847112724718912
tgt,0,3,1039,10.606319856433352,9.782089817500722
tgt,0,3,1040,11.094840680715262,10.023781283491289
tgt,0,3,1041,10.025836486064827,8.864605412527748
tgt,0,3,1043,6.443067127918093,8.259866865874582
tgt,0,3,1047,9.926549093114883,6.45245496210298
tgt,0,3,1049,9.926549093114883,9.762256560879301
tgt,0,3,1053,12.179644083184034,8.956014350212582
tgt,0,3,1055,9.617866934093888,8.474240260111705
tgt,0,3,1058,6.73454142684446,7.286369627268
tgt,0,3,1067,5.41332494975263,9.098369535398644
tgt,0,3,1078,9.666029360245622,8.789681666251656
tgt,0,3,1084,8.82053448114302,8.250335749161776
tgt,0,3,1094,9.558753596522788,8.563400773546112
tgt,0,3,1099,8.302704784295624,9.024302750410648
tgt,0,3,1103,11.785580824767871,9.881230366534542
tgt,0,3,1113,8.012338134291433,9.17097998657195
tgt,0,3,1118,8.821523069797355,8.93027442044809
tgt,0,3,1142,8.448115990945126,9.568716775917988
tgt,0,3,1143,8.876404430158336,9.426455575944452
tgt,0,3,1150,8.788008645154404,9.22815321602286
tgt,0,3,1155,9.474836799076249,7.721577113661436
tgt,0,3,1159,6.204239950455609,8.889303866615201
tgt,0,3,1161,9.60106966145002,9.008941306218368
tgt,0,3,1164,8.832691549683036,9.110306179306821
tgt,0,3,1166,9.336619211779517,9.37971554008612
tgt,0,3,1174,8.567228611741816,9.442237560434403
tgt,0,3,1190,10.249929519079771,9.494542192117345
tgt,0,3,1198,6.633231776894242,-2.0526106760933556
tgt,0,3,1206,8.39296730962906,9.572785595095635
tgt,0,3,1214,11.350863048901399,10.347617049161169
tgt,0,3,1216,7.117758240077067,9.330712594467709
tgt,0,3,1217,9.485621564800564,8.374402907956595
tgt,0,3,1225,8.829984456408619,9.724719944454067
tgt,0,3,1236,11.473951612083644,9.198783619371293
tgt,0,3,1237,11.979949137721482,8.97277605207738
tgt,0,3,1239,9.76116925520313,8.97853197222047
tgt,0,3,1242,11.449597001540104,9.70480483604061
tgt,0,3,1243,8.839584278782498,8.50362314998567
tgt,0,3,1260,8.92273483979512,8.270673746994124
tgt,0,3,1265,6.128140513187385,8.932693067933776
tgt,0,3,1266,10.63501107277504,8.871608159808254
tgt,0,3,1269,9.896355932881413,9.740897605618187
tgt,0,3,1276,9.58075016604629,9.140203089536618
tgt,0,3,1286,8.459942371424619,8.012009174411288
tgt,0,3,1291,6.185751033625324,6.6466886245282675
tgt,0,3,1297,8.845852413055166,9.128796577606353
tgt,0,3,1300,8.786489923475102,7.350023624193291
tgt,0,3,1301,4.930286855802987,5.7544105809717445
tgt,0,3,1310,9.533498843372954,8.444464768332566
tgt,0,3,1313,8.967596403869871,8.989394064263097
tgt,0,3,1319,8.911241055331761,8.278876581359736
tgt,0,3,1320,8.771946478815224,8.848755640048093
tgt,0,3,1321,9.409297858315112,9.00162023046407
tgt,0,4,1,8.97564262477964,8.96261245826893
tgt,0,4,8,9.81155524924289,9.86773814115625
tgt,0,4,13,9.862773094681515,9.930727017624685
tgt,0,4,14,9.538404675570478,9.897597169856809
tgt,0,4,16,11.726648523193889,10.411798020910217
tgt,0,4,20,8.804202120758022,8.602557586882806
tgt,0,4,21,8.869073557916167,5.3163377651401325
tgt,0,4,26,8.970521961734526,9.093020590380881
tgt,0,4,34,3.8587921720657463,9.885751901295588
tgt,0,4,37,9.69184116753377,9.83788389209749
tgt,0,4,40,8.914616171594778,8.690968240282341
tgt,0,4,53,9.287887875183882,9.31943106711026
tgt,0,4,64,8.691088334663316,10.183828120965298
tgt,0,4,87,7.453515601163873,8.453008186793667
tgt,0,4,91,9.123965913274667,9.857948654943971
tgt,0,4,95,6.102088788522527,5.675747605193561
tgt,0,4,98,6.785269536789756,9.8978802399875
tgt,0,4,103,9.087372171758611,8.688365864814024
tgt,0,4,112,8.843846546925816,8.238188692553038
tgt,0,4,121,9.50020790182529,7.356530398962257
tgt,0,4,122,8.943920917117188,8.014580053487794
tgt,0,4,130,8.819165380451526,8.576149236869284
tgt,0,4,134,9.617866934093888,8.88631916332946
tgt,0,4,143,8.749491744482365,6.194423879469031
tgt,0,4,146,11.641675040711206,9.778620954515777
tgt,0,4,150,8.772108125932723,9.153650164862714
tgt,0,4,151,7.990082911809624,8.324982606339463
tgt,0,4,152,8.645728298140364,9.726475228145876
tgt,0,4,157,8.556935492172897,2.2304004694376793
tgt,0,4,160,7.464470700919525,7.761987486721886
tgt,0,4,161,7.580129152728936,8.934505681185717
tgt,0,4,166,9.995025052315139,9.435790125602292
tgt,0,4,186,9.527067360623562,10.207343192583668
tgt,0,4,187,10.244210168092634,9.698388286770854
tgt,0,4,189,8.872554518297754,9.505476481141912
tgt,0,4,197,10.20899180665001,10.168813981794138
tgt,0,4,200,9.08908974262243,9.47780035962224
tgt,0,4,201,9.527601810123127,9.3685684044519
tgt,0,4,202,9.863649713836041,9.265990317522672
tgt,0,4,205,9.044272669378238,8.770000896334995
tgt,0,4,206,11.526550553770761,10.018405640854262
tgt,0,4,207,9.84192078421715,9.62447428770668
tgt,0,4,216,7.7370230175082835,8.166807921701125
tgt,0,4,219,11.16410868499875,10.104183523670628
tgt,0,4,225,8.771187590232591,10.181603237382905
tgt,0,4,229,9.834578630882433,10.026642572112511
tgt,0,4,230,9.890603050842333,10.019347833361753
tgt,0,4,241,9.208384061548177,10.16555182905211
tgt,0,4,246,11.454013602972301,9.638483765371296
tgt,0,4,252,8.903328069854892,8.97530116996408
tgt,0,4,253,2.1640597656951908,10.402100598886577
tgt,0,4,262,9.59173997406987,9.844162116760714
tgt,0,4,269,4.455713989809238,7.571073066259927
tgt,0,4,276,9.524058497027825,9.126627575901018
tgt,0,4,279,7.641557217999167,8.435416272083984
tgt,0,4,283,10.018204885502303,10.25352969662612
tgt,0,4,288,8.998438516848845,8.911411635383498
tgt,0,4,293,9.515244300205124,9.305992263963331
tgt,0,4,295,8.842960684021934,9.973658670447325
tgt,0,4,315,7.158532011174852,9.07141383589162
tgt,0,4,317,12.247556998418686,10.34411821227032
tgt,0,4,330,6.137455788355328,10.209044411910522
tgt,0,4,337,10.197039257305125,8.534971145368996
tgt,0,4,343,8.881778432912922,9.250163661466468
tgt,0,4,345,4.632013489062848,8.468022501013603
tgt,0,4,378,10.471863272671117,9.507746000829705
tgt,0,4,379,9.022509081115786,9.1032261345181
tgt,0,4,384,8.871080364209414,9.156179978560282
tgt,0,4,385,10.926205605834433,9.735596947065876
tgt,0,4,387,8.987220836623587,9.62007114226724
tgt,0,4,391,8.542092873883236,9.14279020877975
tgt,0,4,392,8.780416773180225,7.60835161311535
tgt,0,4,397,7.65983665574682,9.240662712869955
tgt,0,4,400,9.768357925758396,9.290776824450237
tgt,0,4,401,12.735491914432545,10.093030403847944
tgt,0,4,402,10.424359555898894,10.379361781671214
tgt,0,4,403,9.790462321182316,10.485521898333912
tgt,0,4,406,10.235757187513599,9.42401203995782
tgt,0,4,418,7.982867906518578,8.309269732910884
tgt,0,4,437,8.762487917166808,9.835195685203203
tgt,0,4,441,9.67803694388552,8.366182190346876
tgt,0,4,452,8.971255764366607,9.961139295619514
tgt,0,4,455,10.144875418823995,9.850417796330824
tgt,0,4,459,8.588361811604425,8.601209487941693
tgt,0,4,463,9.7443923577758,9.728507572359597
tgt,0,4,466,10.686339321365445,9.388328548506513
tgt,0,4,469,9.616651881052633,10.134435560385896
tgt,0,4,472,4.7187341471869795,8.120904865207764
tgt,0,4,474,8.84879346025251,6.800255453077981
tgt,0,4,476,9.476915310408256,9.002881267079509
tgt,0,4,484,8.680788220021627,9.460921718232832
tgt,0,4,488,8.923387046323938,9.191079182606632
tgt,0,4,492,14.361219151102393,8.886889134996903
tgt,0,4,502,6.4677831914811525,9.796076359256514
tgt,0,4,508,8.90974691004363,8.08043102787668
tgt,0,4,509,9.182994511755274,9.68618362386295
tgt,0,4,510,9.224838126321439,9.391502051041751
tgt,0,4,517,9.461271470640122,8.972412193749374
tgt,0,4,520,8.111265128861199,8.281641212830817
tgt,0,4,524,4.632013489062848,8.969315795818684
tgt,0,4,540,8.943920917117188,9.782844676699106
tgt,0,4,546,10.454726887482874,10.175580552391802
tgt,0,4,550,9.664657664679678,10.144811295581372
tgt,0,4,556,9.314529264011021,8.81055455365868
tgt,0,4,562,9.307180000304873,10.186778472410076
tgt,0,4,563,5.964482842795127,9.553427478896765
tgt,0,4,564,9.906544449512003,9.485562388893895
tgt,0,4,565,10.640542627980293,10.634248593893272
tgt,0,4,577,9.522042744310689,10.45417929418755
tgt,0,4,586,7.024165974299017,10.15114620788813
tgt,0,4,592,9.47799014496265,8.407052139671919
tgt,0,4,600,10.453585437280633,9.203841604249622
tgt,0,4,608,9.343773553753177,7.6905835567919345
tgt,0,4,612,8.868938248768654,9.159052080700915
tgt,0,4,623,9.421693765814503,9.713857444025486
tgt,0,4,627,8.84852276288822,8.479789012919403
tgt,0,4,632,5.537247684530223,9.201308541097486
tgt,0,4,639,9.848420333000877,9.585248911225499
tgt,0,4,640,9.602620481963212,9.137871546919701
tgt,0,4,641,5.625325733117695,10.05679746398637
tgt,0,4,642,8.937987124076122,9.193264076807615
tgt,0,4,645,8.8374200970222,9.21957818844676
tgt,0,4,646,8.552299102486572,7.856014278334654
tgt,0,4,647,8.495105441378687,8.095569746045165
tgt,0,4,648,9.547616187783998,9.47945912145667
tgt,0,4,658,8.906898498207179,8.79758183746997
tgt,0,4,659,8.582096446342852,9.51923904167679
tgt,0,4,663,10.63501107277504,9.158467547429568
tgt,0,4,681,8.48323368792345,7.647472381795205
tgt,0,4,683,9.724340396416808,9.765396469012641
tgt,0,4,686,9.238427847784545,9.59058811556655
tgt,0,4,687,8.134987080763164,9.573464580818008
tgt,0,4,698,9.547616187783998,8.81089143303474
tgt,0,4,699,8.799434447835603,10.044156120586226
tgt,0,4,702,6.349203132679344,9.43176228303116
tgt,0,4,709,8.80486415275629,8.637963663054403
tgt,0,4,719,8.80134421063079,9.378926472925468
tgt,0,4,725,5.206315020823313,10.079338399293036
tgt,0,4,729,8.342922472759088,7.050963249463889
tgt,0,4,742,9.626438868161861,9.412860088450307
tgt,0,4,747,9.5206324359165,9.891655428330978
tgt,0,4,748,8.845580918277026,8.576731534908888
tgt,0,4,749,9.23020415848053,9.89052323389344
tgt,0,4,751,7.801285234877393,5.991076940892944
tgt,0,4,763,9.101290832897668,9.582367985081085
tgt,0,4,766,9.649606887856907,8.595386779503091
tgt,0,4,769,9.191270573287515,9.60871536591399
tgt,0,4,775,8.862035230598428,8.673956735452688
tgt,0,4,776,9.22751484369504,8.85005289809185
tgt,0,4,779,8.968608308427228,8.955777317199148
tgt,0,4,791,10.20899180665001,10.044359696918814
tgt,0,4,794,6.981309782786219,7.729781121800008
tgt,0,4,795,8.987281018492236,9.448148375030652
tgt,0,4,797,8.302704784295624,9.816466143059412
tgt,0,4,800,9.768357925758396,9.675006551837205
tgt,0,4,804,11.052536833496442,8.926858777577849
tgt,0,4,805,8.938745184279293,8.881014895086919
tgt,0,4,815,9.992440975770105,8.996514187199566
tgt,0,4,821,6.128140513187385,9.544453807522036
tgt,0,4,831,9.871752235241699,9.292277032189306
tgt,0,4,835,9.943717927636122,10.21412435036314
tgt,0,4,840,8.690211576762529,8.490666155887753
tgt,0,4,854,8.153276480494018,9.157830536862726
tgt,0,4,856,9.590341570897882,8.065005692529144
tgt,0,4,860,11.69432128476021,9.735629535872459
tgt,0,4,863,9.605148120028929,9.160523038831194
tgt,0,4,870,7.6554213332757115,8.805195981258873
tgt,0,4,871,5.905716891286292,9.884845660977735
tgt,0,4,877,8.894274384003747,9.11279496420196
tgt,0,4,878,8.834416199105288,9.435722910943168
tgt,0,4,880,10.316255942075443,9.6489560878645
tgt,0,4,883,9.9291758300681,10.342937185411513
tgt,0,4,891,9.207708671387985,10.439559991519488
tgt,0,4,896,6.994599696034732,9.214958840751265
tgt,0,4,897,9.522042744310689,10.407006058313218
tgt,0,4,913,10.222466145890378,9.938287205921569
tgt,0,4,928,11.030921114256428,10.124456703660211
tgt,0,4,929,8.923376251601786,9.828319565448856
tgt,0,4,951,9.966048424961851,10.526633730146298
tgt,0,4,954,9.983716888085906,10.258087161386047
tgt,0,4,955,9.191270573287515,9.838703460908985
tgt,0,4,956,8.86108591003471,9.926040278815698
tgt,0,4,957,9.878404403632628,9.241521273293959
tgt,0,4,959,8.663820602694345,8.017721093596283
tgt,0,4,960,10.459644787193744,9.916533687672565
tgt,0,4,972,9.316796433114849,10.131783974953375
tgt,0,4,975,10.76657195276484,9.415491746010247
tgt,0,4,981,11.71683205563447,10.298265133742818
tgt,0,4,995,11.130923962503426,10.008568158922731
tgt,0,4,1012,9.312901556500098,6.722224671145493
tgt,0,4,1014,11.46541161790749,9.39035808371318
tgt,0,4,1016,9.588980046836475,9.404325971187664
tgt,0,4,1017,5.456532693066735,8.68622190597383
tgt,0,4,1019,9.79874310223773,9.104351623710397
tgt,0,4,1020,8.817408031566853,8.780090552248694
tgt,0,4,1021,8.84852276288822,9.311112278744792
tgt,0,4,1025,8.091090899476443,8.776481493328035
tgt,0,4,1028,8.827070010117852,8.775241806993858
tgt,0,4,1038,10.20899180665001,10.01660424565734
tgt,0,4,1044,11.22918813265697,10.018964035346718
tgt,0,4,1045,8.876673340644919,9.964073621987502
tgt,0,4,1051,9.498375159991514,9.958038397922834
tgt,0,4,1056,6.443067127918093,8.957905756819718
tgt,0,4,1059,8.531955450311944,9.749174596929315
tgt,0,4,1060,8.817633804294276,8.707699146497742
tgt,0,4,1064,9.222657490864682,10.036770999233225
tgt,0,4,1071,9.55299008258284,9.153445670043194
tgt,0,4,1076,6.24240969360165,9.738183594317366
tgt,0,4,1082,8.840298712490823,9.366205674484945
tgt,0,4,1086,5.748829604308702,8.62571874510261
tgt,0,4,1087,9.724601338170489,8.889470767673302
tgt,0,4,1095,4.093722652209485,9.101366415227158
tgt,0,4,1097,8.075379574687446,7.650903794758137
tgt,0,4,1104,8.948137113026608,9.635955431541571
tgt,0,4,1107,8.795032888964897,8.757810996143034
tgt,0,4,1109,5.85023394866027,9.564903239867707
tgt,0,4,1111,8.58934760308409,8.707394642223218
tgt,0,4,1112,8.771511103719916,9.822705841645803
tgt,0,4,1123,11.052536833496442,9.264524893145158
tgt,0,4,1125,4.43592525225767,9.293714066448954
tgt,0,4,1126,9.224838126321439,9.432786592376331
tgt,0,4,1129,9.229401643359493,8.850338698726917
tgt,0,4,1130,8.210927156282814,9.107544797448941
tgt,0,4,1132,9.59062172451634,9.217860212439197
tgt,0,4,1136,9.560461921668166,10.115238211019715
tgt,0,4,1138,9.189302210866353,8.85813060683713
tgt,0,4,1146,8.104621991940212,7.661651965660559
tgt,0,4,1152,9.027876582827686,9.161365653640557
tgt,0,4,1154,4.863793484838168,9.479556406667449
tgt,0,4,1157,9.487213719251782,8.363576338845123
tgt,0,4,1162,4.017638070685474,7.810218142606577
tgt,0,4,1165,8.786183425735068,9.758416873725528
tgt,0,4,1172,9.373748073094426,9.329913098998588
tgt,0,4,1180,7.419188357010423,7.956584292836243
tgt,0,4,1183,8.82053448114302,8.870269843222204
tgt,0,4,1184,10.552147960979458,10.195394543178338
tgt,0,4,1192,8.81423015475922,9.92213285035281
tgt,0,4,1194,9.114859517897832,9.510329120049331
tgt,0,4,1201,8.892164886231313,8.679856650663186
tgt,0,4,1202,11.57185032056456,9.41210133366786
tgt,0,4,1209,8.761175144172435,8.789340183231488
tgt,0,4,1210,9.044272669378238,8.870525070051343
tgt,0,4,1213,10.24228281633913,10.137055636805744
tgt,0,4,1215,9.607086562012483,10.037697899128714
tgt,0,4,1220,7.024165974299017,8.353541134284438
tgt,0,4,1223,10.862647160417783,10.290260922097712
tgt,0,4,1238,9.500465984351116,9.473133544738854
tgt,0,4,1241,8.612141142350879,8.163932825532276
tgt,0,4,1244,8.837944113678713,9.096707043718663
tgt,0,4,1245,9.342857028279905,9.161875654541706
tgt,0,4,1246,10.46425261366119,9.922611935324394
tgt,0,4,1249,8.483084242855998,8.331554652982287
tgt,0,4,1251,9.222657490864682,6.444076498130804
tgt,0,4,1256,9.206211489459973,10.093973384490281
tgt,0,4,1263,9.222657490864682,3.344431037801098
tgt,0,4,1267,9.54644746258256,8.735637065985696
tgt,0,4,1285,6.185751033625324,7.729879284689882
tgt,0,4,1288,6.185751033625324,7.042748683698787
tgt,0,4,1289,8.780416773180225,6.883625069523894
tgt,0,4,1294,9.887872872677251,9.422135120992099
tgt,0,4,1299,7.665567925903018,7.743730473725248
tgt,0,4,1302,8.831051700510196,9.218115968493478
tgt,0,4,1303,8.813383411214899,9.217845532510996
tgt,0,4,1309,9.76116925520313,9.019149158469263
